accuracy,precision_weighted,recall_weighted,f1_weighted
0.9574803149606299,0.9589178460007547,0.9574803149606299,0.9576708553641856
