accuracy,precision_weighted,recall_weighted,f1_weighted
0.9511811023622048,0.9516753358585973,0.9511811023622048,0.9510421971827062
